{
  "Frontpage logged-0" : {
    "transaction" : "Frontpage logged-0",
    "sampleCount" : 1000,
    "errorCount" : 0,
    "errorPct" : 0.0,
    "meanResTime" : 40.07799999999989,
    "medianResTime" : 40.0,
    "minResTime" : 25.0,
    "maxResTime" : 59.0,
    "pct1ResTime" : 45.0,
    "pct2ResTime" : 47.0,
    "pct3ResTime" : 52.0,
    "throughput" : 0.20468511957602342,
    "receivedKBytesPerSec" : 0.37778796484246513,
    "sentKBytesPerSec" : 0.057607667443173784
  },
  "View a forum activity" : {
    "transaction" : "View a forum activity",
    "sampleCount" : 500,
    "errorCount" : 0,
    "errorPct" : 0.0,
    "meanResTime" : 1204.4380000000006,
    "medianResTime" : 1202.0,
    "minResTime" : 1053.0,
    "maxResTime" : 1371.0,
    "pct1ResTime" : 1277.9,
    "pct2ResTime" : 1302.0,
    "pct3ResTime" : 1344.0,
    "throughput" : 0.15471718781088487,
    "receivedKBytesPerSec" : 244.84984163873892,
    "sentKBytesPerSec" : 0.047472793369316424
  },
  "View course again" : {
    "transaction" : "View course again",
    "sampleCount" : 500,
    "errorCount" : 0,
    "errorPct" : 0.0,
    "meanResTime" : 685.9159999999998,
    "medianResTime" : 684.0,
    "minResTime" : 557.0,
    "maxResTime" : 867.0,
    "pct1ResTime" : 739.0,
    "pct2ResTime" : 751.9,
    "pct3ResTime" : 804.9100000000001,
    "throughput" : 0.15476464630706793,
    "receivedKBytesPerSec" : 310.4629451045737,
    "sentKBytesPerSec" : 0.04673166859193887
  },
  "Frontpage logged-1" : {
    "transaction" : "Frontpage logged-1",
    "sampleCount" : 1000,
    "errorCount" : 0,
    "errorPct" : 0.0,
    "meanResTime" : 436.06700000000046,
    "medianResTime" : 435.0,
    "minResTime" : 342.0,
    "maxResTime" : 686.0,
    "pct1ResTime" : 482.0,
    "pct2ResTime" : 495.0,
    "pct3ResTime" : 530.98,
    "throughput" : 0.20467062458720492,
    "receivedKBytesPerSec" : 42.311986350285785,
    "sentKBytesPerSec" : 0.058403082523809845
  },
  "Frontpage logged" : {
    "transaction" : "Frontpage logged",
    "sampleCount" : 1000,
    "errorCount" : 0,
    "errorPct" : 0.0,
    "meanResTime" : 476.383,
    "medianResTime" : 476.0,
    "minResTime" : 376.0,
    "maxResTime" : 726.0,
    "pct1ResTime" : 522.0,
    "pct2ResTime" : 539.0,
    "pct3ResTime" : 572.99,
    "throughput" : 0.20466840443786596,
    "receivedKBytesPerSec" : 42.68928448782857,
    "sentKBytesPerSec" : 0.11600541204661854
  },
  "View login page" : {
    "transaction" : "View login page",
    "sampleCount" : 1000,
    "errorCount" : 0,
    "errorPct" : 0.0,
    "meanResTime" : 85.46600000000002,
    "medianResTime" : 86.0,
    "minResTime" : 50.0,
    "maxResTime" : 126.0,
    "pct1ResTime" : 93.0,
    "pct2ResTime" : 97.0,
    "pct3ResTime" : 102.0,
    "throughput" : 0.2016307491731627,
    "receivedKBytesPerSec" : 4.9323890511680375,
    "sentKBytesPerSec" : 0.0750296765807498
  },
  "Fill a form to reply a forum discussion" : {
    "transaction" : "Fill a form to reply a forum discussion",
    "sampleCount" : 500,
    "errorCount" : 0,
    "errorPct" : 0.0,
    "meanResTime" : 2231.1459999999993,
    "medianResTime" : 2212.5,
    "minResTime" : 1060.0,
    "maxResTime" : 3482.0,
    "pct1ResTime" : 3093.0,
    "pct2ResTime" : 3225.65,
    "pct3ResTime" : 3358.9700000000003,
    "throughput" : 0.15463531734569097,
    "receivedKBytesPerSec" : 90.65540450482446,
    "sentKBytesPerSec" : 0.0477496946725659
  },
  "View a forum discussion" : {
    "transaction" : "View a forum discussion",
    "sampleCount" : 500,
    "errorCount" : 0,
    "errorPct" : 0.0,
    "meanResTime" : 2363.268000000001,
    "medianResTime" : 2335.5,
    "minResTime" : 1147.0,
    "maxResTime" : 3635.0,
    "pct1ResTime" : 3292.6000000000004,
    "pct2ResTime" : 3426.9,
    "pct3ResTime" : 3549.96,
    "throughput" : 0.15462197555550264,
    "receivedKBytesPerSec" : 477.83683664128364,
    "sentKBytesPerSec" : 0.047443578827674734
  },
  "View course participants" : {
    "transaction" : "View course participants",
    "sampleCount" : 500,
    "errorCount" : 0,
    "errorPct" : 0.0,
    "meanResTime" : 385.31399999999996,
    "medianResTime" : 385.0,
    "minResTime" : 273.0,
    "maxResTime" : 517.0,
    "pct1ResTime" : 436.0,
    "pct2ResTime" : 450.95,
    "pct3ResTime" : 485.9000000000001,
    "throughput" : 0.1550513561101708,
    "receivedKBytesPerSec" : 28.169784888338217,
    "sentKBytesPerSec" : 0.04666682417300259
  },
  "Login" : {
    "transaction" : "Login",
    "sampleCount" : 1000,
    "errorCount" : 0,
    "errorPct" : 0.0,
    "meanResTime" : 868.4359999999992,
    "medianResTime" : 876.5,
    "minResTime" : 662.0,
    "maxResTime" : 1073.0,
    "pct1ResTime" : 941.0,
    "pct2ResTime" : 957.0,
    "pct3ResTime" : 994.99,
    "throughput" : 0.2019121076595358,
    "receivedKBytesPerSec" : 42.55183482106802,
    "sentKBytesPerSec" : 0.19250643437099332
  },
  "Login-0" : {
    "transaction" : "Login-0",
    "sampleCount" : 1000,
    "errorCount" : 0,
    "errorPct" : 0.0,
    "meanResTime" : 312.3539999999999,
    "medianResTime" : 309.0,
    "minResTime" : 283.0,
    "maxResTime" : 403.0,
    "pct1ResTime" : 329.0,
    "pct2ResTime" : 337.0,
    "pct3ResTime" : 353.98,
    "throughput" : 0.20193869222079652,
    "receivedKBytesPerSec" : 0.4571225436429902,
    "sentKBytesPerSec" : 0.07178289450036128
  },
  "Login-1" : {
    "transaction" : "Login-1",
    "sampleCount" : 1000,
    "errorCount" : 0,
    "errorPct" : 0.0,
    "meanResTime" : 31.460999999999967,
    "medianResTime" : 32.0,
    "minResTime" : 18.0,
    "maxResTime" : 43.0,
    "pct1ResTime" : 34.0,
    "pct2ResTime" : 36.0,
    "pct3ResTime" : 40.0,
    "throughput" : 0.20195141614391543,
    "receivedKBytesPerSec" : 0.37392566895396845,
    "sentKBytesPerSec" : 0.06312934214477656
  },
  "Logout-1" : {
    "transaction" : "Logout-1",
    "sampleCount" : 1000,
    "errorCount" : 0,
    "errorPct" : 0.0,
    "meanResTime" : 241.21100000000007,
    "medianResTime" : 240.0,
    "minResTime" : 160.0,
    "maxResTime" : 352.0,
    "pct1ResTime" : 282.9,
    "pct2ResTime" : 292.0,
    "pct3ResTime" : 315.98,
    "throughput" : 0.2106504887091338,
    "receivedKBytesPerSec" : 6.176955297333165,
    "sentKBytesPerSec" : 0.0594923059908999
  },
  "Login-2" : {
    "transaction" : "Login-2",
    "sampleCount" : 1000,
    "errorCount" : 0,
    "errorPct" : 0.0,
    "meanResTime" : 523.9299999999995,
    "medianResTime" : 532.0,
    "minResTime" : 345.0,
    "maxResTime" : 718.0,
    "pct1ResTime" : 593.0,
    "pct2ResTime" : 608.0,
    "pct3ResTime" : 637.99,
    "throughput" : 0.20192703003301105,
    "receivedKBytesPerSec" : 41.724002966043045,
    "sentKBytesPerSec" : 0.057620193530904126
  },
  "Logout-0" : {
    "transaction" : "Logout-0",
    "sampleCount" : 1000,
    "errorCount" : 0,
    "errorPct" : 0.0,
    "meanResTime" : 48.616,
    "medianResTime" : 49.0,
    "minResTime" : 29.0,
    "maxResTime" : 91.0,
    "pct1ResTime" : 53.0,
    "pct2ResTime" : 55.0,
    "pct3ResTime" : 58.99000000000001,
    "throughput" : 0.2106581656266122,
    "receivedKBytesPerSec" : 0.4042414994690361,
    "sentKBytesPerSec" : 0.06669470439076922
  },
  "View course once more" : {
    "transaction" : "View course once more",
    "sampleCount" : 500,
    "errorCount" : 0,
    "errorPct" : 0.0,
    "meanResTime" : 692.6360000000003,
    "medianResTime" : 689.0,
    "minResTime" : 560.0,
    "maxResTime" : 864.0,
    "pct1ResTime" : 756.0,
    "pct2ResTime" : 773.9,
    "pct3ResTime" : 829.8300000000002,
    "throughput" : 0.15486080181967637,
    "receivedKBytesPerSec" : 310.7191509878493,
    "sentKBytesPerSec" : 0.04676070304945696
  },
  "View a page activity" : {
    "transaction" : "View a page activity",
    "sampleCount" : 500,
    "errorCount" : 0,
    "errorPct" : 0.0,
    "meanResTime" : 329.97200000000015,
    "medianResTime" : 329.0,
    "minResTime" : 216.0,
    "maxResTime" : 421.0,
    "pct1ResTime" : 372.0,
    "pct2ResTime" : 383.95,
    "pct3ResTime" : 408.98,