{
  "Frontpage logged-0" : {
    "transaction" : "Frontpage logged-0",
    "sampleCount" : 1999,
    "errorCount" : 0,
    "errorPct" : 0.0,
    "meanResTime" : 39.7068534267134,
    "medianResTime" : 40.0,
    "minResTime" : 21.0,
    "maxResTime" : 83.0,
    "pct1ResTime" : 44.0,
    "pct2ResTime" : 46.0,
    "pct3ResTime" : 51.0,
    "throughput" : 0.20201783375842305,
    "receivedKBytesPerSec" : 0.372864947073652,
    "sentKBytesPerSec" : 0.05685689340001977
  },
  "Frontpage logged-1" : {
    "transaction" : "Frontpage logged-1",
    "sampleCount" : 1999,
    "errorCount" : 0,
    "errorPct" : 0.0,
    "meanResTime" : 435.88394197098535,
    "medianResTime" : 436.0,
    "minResTime" : 340.0,
    "maxResTime" : 564.0,
    "pct1ResTime" : 477.0,
    "pct2ResTime" : 490.0,
    "pct3ResTime" : 512.0,
    "throughput" : 0.20201015770535866,
    "receivedKBytesPerSec" : 41.762031480785744,
    "sentKBytesPerSec" : 0.057643835192402806
  },
  "View login page" : {
    "transaction" : "View login page",
    "sampleCount" : 2000,
    "errorCount" : 0,
    "errorPct" : 0.0,
    "meanResTime" : 84.84750000000011,
    "medianResTime" : 85.0,
    "minResTime" : 51.0,
    "maxResTime" : 139.0,
    "pct1ResTime" : 92.0,
    "pct2ResTime" : 96.0,
    "pct3ResTime" : 103.0,
    "throughput" : 0.20085770256147803,
    "receivedKBytesPerSec" : 4.914819684893431,
    "sentKBytesPerSec" : 0.07485440892197863
  },
  "Fill a form to reply a forum discussion" : {
    "transaction" : "Fill a form to reply a forum discussion",
    "sampleCount" : 1000,
    "errorCount" : 0,
    "errorPct" : 0.0,
    "meanResTime" : 5441.593000000002,
    "medianResTime" : 5464.5,
    "minResTime" : 88.0,
    "maxResTime" : 7801.0,
    "pct1ResTime" : 7141.0,
    "pct2ResTime" : 7344.799999999999,
    "pct3ResTime" : 7637.97,
    "throughput" : 0.15419334982585403,
    "receivedKBytesPerSec" : 182.45098077161708,
    "sentKBytesPerSec" : 0.04762481455358558
  },
  "Fill a form to reply a forum discussion-0" : {
    "transaction" : "Fill a form to reply a forum discussion-0",
    "sampleCount" : 1,
    "errorCount" : 0,
    "errorPct" : 0.0,
    "meanResTime" : 35.0,
    "medianResTime" : 35.0,
    "minResTime" : 35.0,
    "maxResTime" : 35.0,
    "pct1ResTime" : 35.0,
    "pct2ResTime" : 35.0,
    "pct3ResTime" : 35.0,
    "throughput" : 28.57142857142857,
    "receivedKBytesPerSec" : 53.68303571428571,
    "sentKBytesPerSec" : 5.664062499999999
  },
  "Fill a form to reply a forum discussion-1" : {
    "transaction" : "Fill a form to reply a forum discussion-1",
    "sampleCount" : 1,
    "errorCount" : 0,
    "errorPct" : 0.0,
    "meanResTime" : 53.0,
    "medianResTime" : 53.0,
    "minResTime" : 53.0,
    "maxResTime" : 53.0,
    "pct1ResTime" : 53.0,
    "pct2ResTime" : 53.0,
    "pct3ResTime" : 53.0,
    "throughput" : 18.867924528301884,
    "receivedKBytesPerSec" : 419.811320754717,
    "sentKBytesPerSec" : 3.519310141509434
  },
  "View a forum discussion" : {
    "transaction" : "View a forum discussion",
    "sampleCount" : 1000,
    "errorCount" : 0,
    "errorPct" : 0.0,
    "meanResTime" : 5921.866000000002,
    "medianResTime" : 5897.5,
    "minResTime" : 99.0,
    "maxResTime" : 8484.0,
    "pct1ResTime" : 7816.5,
    "pct2ResTime" : 8036.95,
    "pct3ResTime" : 8315.69,
    "throughput" : 0.15428689215593097,
    "receivedKBytesPerSec" : 1283.7391452361048,
    "sentKBytesPerSec" : 0.0473523648496968
  },
  "View course participants-0" : {
    "transaction" : "View course participants-0",
    "sampleCount" : 1,
    "errorCount" : 0,
    "errorPct" : 0.0,
    "meanResTime" : 35.0,
    "medianResTime" : 35.0,
    "minResTime" : 35.0,
    "maxResTime" : 35.0,
    "pct1ResTime" : 35.0,
    "pct2ResTime" : 35.0,
    "pct3ResTime" : 35.0,
    "throughput" : 28.57142857142857,
    "receivedKBytesPerSec" : 53.68303571428571,
    "sentKBytesPerSec" : 5.4408482142857135
  },
  "View course participants" : {
    "transaction" : "View course participants",
    "sampleCount" : 1000,
    "errorCount" : 0,
    "errorPct" : 0.0,
    "meanResTime" : 373.1780000000002,
    "medianResTime" : 373.0,
    "minResTime" : 86.0,
    "maxResTime" : 500.0,
    "pct1ResTime" : 421.0,
    "pct2ResTime" : 434.94999999999993,
    "pct3ResTime" : 456.97,
    "throughput" : 0.15447367343802013,
    "receivedKBytesPerSec" : 28.039927244830732,
    "sentKBytesPerSec" : 0.04650457092427005
  },
  "View a forum activity-0" : {
    "transaction" : "View a forum activity-0",
    "sampleCount" : 1,
    "errorCount" : 0,
    "errorPct" : 0.0,
    "meanResTime" : 44.0,
    "medianResTime" : 44.0,
    "minResTime" : 44.0,
    "maxResTime" : 44.0,
    "pct1ResTime" : 44.0,
    "pct2ResTime" : 44.0,
    "pct3ResTime" : 44.0,
    "throughput" : 22.727272727272727,
    "receivedKBytesPerSec" : 42.70241477272727,
    "sentKBytesPerSec" : 4.461115056818182
  },
  "View course participants-1" : {
    "transaction" : "View course participants-1",
    "sampleCount" : 1,
    "errorCount" : 0,
    "errorPct" : 0.0,
    "meanResTime" : 51.0,
    "medianResTime" : 51.0,
    "minResTime" : 51.0,
    "maxResTime" : 51.0,
    "pct1ResTime" : 51.0,
    "pct2ResTime" : 51.0,
    "pct3ResTime" : 51.0,
    "throughput" : 19.607843137254903,
    "receivedKBytesPerSec" : 436.2745098039216,
    "sentKBytesPerSec" : 3.657322303921569
  },
  "Login-0" : {
    "transaction" : "Login-0",
    "sampleCount" : 2000,
    "errorCount" : 0,
    "errorPct" : 0.0,
    "meanResTime" : 307.0669999999996,
    "medianResTime" : 305.0,
    "minResTime" : 46.0,
    "maxResTime" : 462.0,
    "pct1ResTime" : 323.0,
    "pct2ResTime" : 329.0,
    "pct3ResTime" : 346.98,
    "throughput" : 0.20096767947343253,
    "receivedKBytesPerSec" : 0.4548930900931073,
    "sentKBytesPerSec" : 0.07143772981282172
  },
  "Login-1" : {
    "transaction" : "Login-1",
    "sampleCount" : 2000,
    "errorCount" : 0,
    "errorPct" : 0.0,
    "meanResTime" : 31.312000000000015,
    "medianResTime" : 31.0,
    "minResTime" : 16.0,
    "maxResTime" : 51.0,
    "pct1ResTime" : 34.0,
    "pct2ResTime" : 36.0,
    "pct3ResTime" : 39.0,
    "throughput" : 0.20097343492942418,
    "receivedKBytesPerSec" : 0.37418898426418196,
    "sentKBytesPerSec" : 0.06281106762464674
  },
  "Logout-1" : {
    "transaction" : "Logout-1",
    "sampleCount" : 2000,
    "errorCount" : 0,
    "errorPct" : 0.0,
    "meanResTime" : 235.91200000000012,
    "medianResTime" : 235.0,
    "minResTime" : 149.0,
    "maxResTime" : 364.0,
    "pct1ResTime" : 273.0,
    "pct2ResTime" : 285.0,
    "pct3ResTime" : 308.0,
    "throughput" : 0.21050699346333684,
    "receivedKBytesPerSec" : 6.172747654274524,
    "sentKBytesPerSec" : 0.059440062120087504
  },
  "View a forum activity-1" : {
    "transaction" : "View a forum activity-1",
    "sampleCount" : 1,
    "errorCount" : 0,
    "errorPct" : 0.0,
    "meanResTime" : 54.0,
    "medianResTime" : 54.0,
    "minResTime" : 54.0,
    "maxResTime" : 54.0,
    "pct1ResTime" : 54.0,
    "pct2ResTime" : 54.0,
    "pct3ResTime" : 54.0,
    "throughput" : 18.51851851851852,
    "receivedKBytesPerSec" : 412.03703703703707,
    "sentKBytesPerSec" : 3.4541377314814814
  },
  "Login-2" : {
    "transaction" : "Login-2",
    "sampleCount" : 1999,
    "errorCount" : 0,
    "errorPct" : 0.0,
    "meanResTime" : 442.3991995997997,
    "medianResTime" : 441.0,
    "minResTime" : 332.0,
    "maxResTime" : 586.0,
    "pct1ResTime" : 484.0,
    "pct2ResTime" : 497.0,
    "pct3ResTime" : 524.0,
    "throughput" : 0.20086513689627292,
    "receivedKBytesPerSec" : 41.50454982080901,
    "sentKBytesPerSec" : 0.05731710216293268
  },
  "Logout-0" : {
    "transaction" : "Logout-0",
    "sampleCount" : 2000,
    "errorCount" : 0,
    "errorPct" : 0.0,
    "meanResTime" : 48.194000000000045,
    "medianResTime" : 48.0,
    "minResTime" : 27.0,
    "maxResTime" : 90.0,
    "pct1ResTime" : 53.0,
    "pct2ResTime" : 55.0,
    "pct3ResTime" : 61.0,
    "throughput" : 0.2105118680275838,