{
  "Frontpage logged-0" : {
    "transaction" : "Frontpage logged-0",
    "sampleCount" : 200,
    "errorCount" : 0,
    "errorPct" : 0.0,
    "meanResTime" : 41.855000000000004,
    "medianResTime" : 42.0,
    "minResTime" : 27.0,
    "maxResTime" : 62.0,
    "pct1ResTime" : 46.0,
    "pct2ResTime" : 47.94999999999999,
    "pct3ResTime" : 51.99000000000001,
    "throughput" : 0.5705401588954343,
    "receivedKBytesPerSec" : 1.0530477542112995,
    "sentKBytesPerSec" : 0.1610215878132622
  },
  "View a forum activity" : {
    "transaction" : "View a forum activity",
    "sampleCount" : 100,
    "errorCount" : 0,
    "errorPct" : 0.0,
    "meanResTime" : 1188.09,
    "medianResTime" : 1186.0,
    "minResTime" : 1075.0,
    "maxResTime" : 1332.0,
    "pct1ResTime" : 1256.9,
    "pct2ResTime" : 1277.6999999999998,
    "pct3ResTime" : 1331.81,
    "throughput" : 1.9351717464925011,
    "receivedKBytesPerSec" : 3062.633156446541,
    "sentKBytesPerSec" : 0.5952920899854862
  },
  "View course again" : {
    "transaction" : "View course again",
    "sampleCount" : 100,
    "errorCount" : 0,
    "errorPct" : 0.0,
    "meanResTime" : 721.4999999999997,
    "medianResTime" : 721.0,
    "minResTime" : 597.0,
    "maxResTime" : 929.0,
    "pct1ResTime" : 788.5,
    "pct2ResTime" : 813.2499999999998,
    "pct3ResTime" : 928.1899999999996,
    "throughput" : 1.916332905352318,
    "receivedKBytesPerSec" : 3844.2273989493706,
    "sentKBytesPerSec" : 0.5801398443937681
  },
  "Frontpage logged-1" : {
    "transaction" : "Frontpage logged-1",
    "sampleCount" : 200,
    "errorCount" : 0,
    "errorPct" : 0.0,
    "meanResTime" : 452.69,
    "medianResTime" : 452.0,
    "minResTime" : 342.0,
    "maxResTime" : 565.0,
    "pct1ResTime" : 500.9,
    "pct2ResTime" : 511.95,
    "pct3ResTime" : 524.99,
    "throughput" : 0.5697810901051815,
    "receivedKBytesPerSec" : 117.78321336325396,
    "sentKBytesPerSec" : 0.16303306582111152
  },
  "Frontpage logged" : {
    "transaction" : "Frontpage logged",
    "sampleCount" : 200,
    "errorCount" : 0,
    "errorPct" : 0.0,
    "meanResTime" : 494.94500000000016,
    "medianResTime" : 495.0,
    "minResTime" : 376.0,
    "maxResTime" : 607.0,
    "pct1ResTime" : 543.9,
    "pct2ResTime" : 553.0,
    "pct3ResTime" : 570.0,
    "throughput" : 0.5697064302764785,
    "receivedKBytesPerSec" : 118.81928887552057,
    "sentKBytesPerSec" : 0.3237979906454204
  },
  "View login page" : {
    "transaction" : "View login page",
    "sampleCount" : 200,
    "errorCount" : 0,
    "errorPct" : 0.0,
    "meanResTime" : 57.839999999999975,
    "medianResTime" : 57.0,
    "minResTime" : 37.0,
    "maxResTime" : 103.0,
    "pct1ResTime" : 62.0,
    "pct2ResTime" : 64.0,
    "pct3ResTime" : 72.98000000000002,
    "throughput" : 0.5709978758879016,
    "receivedKBytesPerSec" : 12.704713890808076,
    "sentKBytesPerSec" : 0.10650448661580979
  },
  "Fill a form to reply a forum discussion" : {
    "transaction" : "Fill a form to reply a forum discussion",
    "sampleCount" : 100,
    "errorCount" : 0,
    "errorPct" : 0.0,
    "meanResTime" : 731.7500000000001,
    "medianResTime" : 727.0,
    "minResTime" : 644.0,
    "maxResTime" : 837.0,
    "pct1ResTime" : 787.9,
    "pct2ResTime" : 800.6999999999999,
    "pct3ResTime" : 836.8799999999999,
    "throughput" : 1.9325165230162717,
    "receivedKBytesPerSec" : 593.8667247528795,
    "sentKBytesPerSec" : 0.5982497439415607
  },
  "View a forum discussion" : {
    "transaction" : "View a forum discussion",
    "sampleCount" : 100,
    "errorCount" : 0,
    "errorPct" : 0.0,
    "meanResTime" : 726.3,
    "medianResTime" : 728.0,
    "minResTime" : 586.0,
    "maxResTime" : 838.0,
    "pct1ResTime" : 781.9,
    "pct2ResTime" : 805.8499999999999,
    "pct3ResTime" : 837.81,
    "throughput" : 1.9348722016910784,
    "receivedKBytesPerSec" : 1265.3246224278294,
    "sentKBytesPerSec" : 0.5951999448561422
  },
  "View course participants" : {
    "transaction" : "View course participants",
    "sampleCount" : 100,
    "errorCount" : 0,
    "errorPct" : 0.0,
    "meanResTime" : 414.1900000000001,
    "medianResTime" : 418.0,
    "minResTime" : 286.0,
    "maxResTime" : 502.0,
    "pct1ResTime" : 461.8,
    "pct2ResTime" : 474.74999999999994,
    "pct3ResTime" : 501.98,
    "throughput" : 1.9425019425019425,
    "receivedKBytesPerSec" : 352.90717041205323,
    "sentKBytesPerSec" : 0.5861651369463869
  },
  "Login" : {
    "transaction" : "Login",
    "sampleCount" : 200,
    "errorCount" : 0,
    "errorPct" : 0.0,
    "meanResTime" : 805.46,
    "medianResTime" : 803.0,
    "minResTime" : 714.0,
    "maxResTime" : 922.0,
    "pct1ResTime" : 855.0,
    "pct2ResTime" : 871.9,
    "pct3ResTime" : 906.99,
    "throughput" : 0.570901710706976,
    "receivedKBytesPerSec" : 120.30629590406568,
    "sentKBytesPerSec" : 0.5449658243963429
  },
  "Login-0" : {
    "transaction" : "Login-0",
    "sampleCount" : 200,
    "errorCount" : 0,
    "errorPct" : 0.0,
    "meanResTime" : 309.24000000000007,
    "medianResTime" : 305.5,
    "minResTime" : 280.0,
    "maxResTime" : 411.0,
    "pct1ResTime" : 324.9,
    "pct2ResTime" : 330.0,
    "pct3ResTime" : 351.0,
    "throughput" : 0.5717291376037689,
    "receivedKBytesPerSec" : 1.2941848357422188,
    "sentKBytesPerSec" : 0.20323184188258972
  },
  "Login-1" : {
    "transaction" : "Login-1",
    "sampleCount" : 200,
    "errorCount" : 0,
    "errorPct" : 0.0,
    "meanResTime" : 31.98499999999999,
    "medianResTime" : 32.0,
    "minResTime" : 19.0,
    "maxResTime" : 41.0,
    "pct1ResTime" : 34.0,
    "pct2ResTime" : 35.0,
    "pct3ResTime" : 40.0,
    "throughput" : 0.5722591647305232,
    "receivedKBytesPerSec" : 1.0595736096963593,
    "sentKBytesPerSec" : 0.1790992354617559
  },
  "Logout-1" : {
    "transaction" : "Logout-1",
    "sampleCount" : 200,
    "errorCount" : 0,
    "errorPct" : 0.0,
    "meanResTime" : 251.91,
    "medianResTime" : 250.5,
    "minResTime" : 157.0,
    "maxResTime" : 321.0,
    "pct1ResTime" : 293.9,
    "pct2ResTime" : 306.0,
    "pct3ResTime" : 316.98,
    "throughput" : 0.2663768486553297,
    "receivedKBytesPerSec" : 7.811032846263266,
    "sentKBytesPerSec" : 0.07543875596684141
  },
  "Login-2" : {
    "transaction" : "Login-2",
    "sampleCount" : 200,
    "errorCount" : 0,
    "errorPct" : 0.0,
    "meanResTime" : 463.0100000000002,
    "medianResTime" : 462.5,
    "minResTime" : 378.0,
    "maxResTime" : 573.0,
    "pct1ResTime" : 513.9,
    "pct2ResTime" : 523.95,
    "pct3ResTime" : 562.97,
    "throughput" : 0.5715281806257662,
    "receivedKBytesPerSec" : 118.08636201595134,
    "sentKBytesPerSec" : 0.16353296574545848
  },
  "Logout-0" : {
    "transaction" : "Logout-0",
    "sampleCount" : 200,
    "errorCount" : 0,
    "errorPct" : 0.0,
    "meanResTime" : 53.17000000000001,
    "medianResTime" : 51.0,
    "minResTime" : 45.0,
    "maxResTime" : 272.0,
    "pct1ResTime" : 56.900000000000006,
    "pct2ResTime" : 59.0,
    "pct3ResTime" : 71.99000000000001,
    "throughput" : 0.26642510790216867,
    "receivedKBytesPerSec" : 0.5112552119411734,
    "sentKBytesPerSec" : 0.08455875006660628
  },
  "View course once more" : {
    "transaction" : "View course once more",
    "sampleCount" : 100,
    "errorCount" : 0,
    "errorPct" : 0.0,
    "meanResTime" : 704.9699999999998,
    "medianResTime" : 705.0,
    "minResTime" : 617.0,
    "maxResTime" : 805.0,
    "pct1ResTime" : 760.9,
    "pct2ResTime" : 779.55,
    "pct3ResTime" : 804.8199999999999,
    "throughput" : 1.9369709648052376,
    "receivedKBytesPerSec" : 3886.424799523505,
    "sentKBytesPerSec" : 0.5863876944234606
  },
  "View a page activity" : {
    "transaction" : "View a page activity",
    "sampleCount" : 100,
    "errorCount" : 0,
    "errorPct" : 0.0,
    "meanResTime" : 371.57999999999987,
    "medianResTime" : 375.0,
    "minResTime" : 267.0,
    "maxResTime" : 665.0,
    "pct1ResTime" : 413.9,
    "pct2ResTime" : 419.9,